"id","SourceName"
1,"Abandoned oil wells (offshore)"
2,"Abandoned oil wells (onshore)"
3,"Accidental fires - dwellings"
4,"Accidental fires - forests"
5,"Accidental fires - other buildings"
6,"Accidental fires - straw"
7,"Accidental fires - vegetation"
8,"Accidental fires - vehicles"
9,"Adipic acid production"
10,"Adult breath and sweat"
11,"Aerosols - cosmetics and toiletries"
12,"Aerosols - household products"
13,"Aerosols - other products (not paints or adhesives)"
14,"Aerosols other than metered dose inhalers"
15,"Agricultural engines"
16,"Agricultural Horses"
17,"Agricultural Horses - Direct"
18,"Agricultural Horses - Indirect Deposition"
19,"Agricultural Horses - Indirect Leach"
20,"Agricultural Horses FAM - direct"
21,"Agricultural Horses PRP - direct"
22,"Agricultural Horses Wastes - Direct"
23,"Agricultural operations"
24,"Agricultural pesticide use - chlorothalonil use"
25,"Agricultural pesticide use - chlorthal-dimethyl use"
26,"Agricultural pesticide use - quintozine"
27,"Agricultural waste burning"
28,"Agriculture - agrochemicals use"
29,"Agriculture - application of urea"
30,"Agriculture - mobile machinery"
31,"Agriculture - stationary combustion"
32,"Agriculture livestock - all poultry wastes"
33,"Agriculture livestock - dairy cattle enteric"
34,"Agriculture livestock - dairy cattle wastes"
35,"Agriculture livestock - deer enteric"
36,"Agriculture livestock - deer wastes"
37,"Agriculture livestock - goats enteric"
38,"Agriculture livestock - goats wastes"
39,"Agriculture livestock - horses enteric"
40,"Agriculture livestock - horses wastes"
41,"Agriculture livestock - manure leaching (indirect)"
42,"Agriculture livestock - manure other (indirect)"
43,"Agriculture livestock - other cattle enteric"
44,"Agriculture livestock - other cattle wastes"
45,"Agriculture livestock - other poultry wastes"
46,"Agriculture livestock - pigs enteric"
47,"Agriculture livestock - pigs wastes"
48,"Agriculture livestock - sheep enteric"
49,"Agriculture livestock - sheep wastes"
50,"Airborne Warning And Control Systems"
51,"Aircraft -  military"
52,"Aircraft - domestic cruise"
53,"Aircraft - domestic take off and landing"
54,"Aircraft - international cruise"
55,"Aircraft - international take off and landing"
56,"Aircraft - support vehicles"
57,"Aircraft and Runways"
58,"Aircraft between UK and Bermuda - Cruise"
59,"Aircraft between UK and Bermuda - TOL"
60,"Aircraft between UK and CDs - Cruise"
61,"Aircraft between UK and CDs - TOL"
62,"Aircraft between UK and Gibraltar - Cruise"
63,"Aircraft between UK and Gibraltar - TOL"
64,"Aircraft between UK and other OTs (excl Gib. and Bermuda) - Cruise"
65,"Aircraft between UK and other OTs (excl Gib. and Bermuda) - TOL"
66,"Aircraft engines"
67,"Alumina production"
68,"Ammonia production - combustion"
69,"Ammonia production - feedstock use of gas"
70,"Anaerobic Digestion"
71,"Anaerobic Digestion (other)"
72,"Animal Rendering"
73,"Arable"
74,"Arable - Agricultural operations"
75,"Arable - Cultivated crops"
76,"Arable - Direct"
77,"Arable - Indirect Deposition"
78,"Arable - Indirect Leach"
79,"Arable - Residue Indirect Leach"
80,"Autogeneration - exported to grid"
81,"Autogenerators"
82,"Basic oxygen furnaces"
83,"Beef females for slaughter - Digestate Direct"
84,"Bioenergy crops"
85,"Bitumen use"
86,"Blast furnaces"
87,"Boar - Digestate Direct"
88,"Bonfire night"
89,"Bread baking"
90,"Brewing - fermentation"
91,"Brewing - wort boiling"
92,"Brick manufacture - all types"
93,"Brick manufacture - Fletton"
94,"Brick manufacture - non Fletton"
95,"Broilers - Digestate Direct"
96,"Bulls for breeding - Digestate Direct"
97,"Capacitors"
98,"Cement - decarbonising"
99,"Cement - non-decarbonising"
100,"Cement and concrete batching"
101,"Cement production - combustion"
102,"Cereal fed bull - Digestate Direct"
103,"Charcoal production"
104,"Chemical industry - acrylonitrile"
105,"Chemical industry - alkyl lead"
106,"Chemical industry - ammonia based fertiliser"
107,"Chemical industry - ammonia based fertilizer"
108,"Chemical industry - ammonia use"
109,"Chemical industry - cadmium pigments and stabilisers"
110,"Chemical industry - cadmium pigments and stabilizers"
111,"Chemical industry - carbon black"
112,"Chemical industry - carbon tetrachloride"
113,"Chemical industry - chloralkali process"
114,"Chemical industry - chromium chemicals"
115,"Chemical industry - ethylene"
116,"Chemical Industry - ethylene dichloride"
117,"Chemical industry - ethylene oxide"
118,"Chemical industry - general"
119,"Chemical industry - halogenated chemicals"
120,"Chemical industry - hydrochloric acid use"
121,"Chemical industry - magnesia"
122,"Chemical industry - methanol"
123,"Chemical industry - nitric acid use"
124,"Chemical Industry - other process sources"
125,"Chemical industry - pesticide production"
126,"Chemical industry - phosphate based fertilisers"
127,"Chemical industry - phosphate based fertilizers"
128,"Chemical industry - pigment manufacture"
129,"Chemical industry - reforming"
130,"Chemical industry - soda ash"
131,"Chemical industry - sodium pentachlorophenoxide"
132,"Chemical industry - sulphuric acid use"
133,"Chemical industry - tetrachloroethylene"
134,"Chemical industry - titanium dioxide"
135,"Chemical industry - trichloroethylene"
136,"Chemicals (combustion)"
137,"Cider manufacture"
138,"Cigarette smoking"
139,"Closed Coal Mines"
140,"Closed foams"
141,"Coal storage and transport"
142,"Coal tar and bitumen processes"
143,"Coal tar distillation"
144,"Coating manufacture - adhesives"
145,"Coating manufacture - inks"
146,"Coating manufacture - other coatings"
147,"Coke production"
148,"Cold rolling of steel"
149,"Collieries - combustion"
150,"Commercial Refrigeration: Commercial central systems, chill"
151,"Commercial Refrigeration: Commercial central systems, frozen"
152,"Commercial Refrigeration: Commercial condensing units, chill"
153,"Commercial Refrigeration: Commercial condensing units, frozen"
154,"Commercial Refrigeration: Commercial integral systems, chill"
155,"Commercial Refrigeration: Commercial integral systems, frozen"
156,"Composting (at household)"
157,"Composting (at permit sites)"
158,"Construction of apartment buildings"
159,"Construction of houses"
160,"Copper alloy and semis production"
161,"Cows - Digestate Direct"
162,"Crematoria"
163,"Creosote use"
164,"Crop Digestates - Direct"
165,"Crop Digestates - Indirect Deposition"
166,"Crop Digestates - Indirect Leach"
167,"Crop Digestates - TAN"
168,"Crop Digestates - Total N"
169,"Cropland management"
170,"Cropland mineral soils under LUC"
171,"Cropland mineral soils under LUC - Grassland converted to Cropland - Carbon stock change"
172,"Cropland mineral soils under LUC - Grassland converted to Cropland - Direct N2O emissions from N Mineralization/Immobilization"
173,"Cropland mineral soils under LUC - Indirect N2O - Nitrogen Leaching and Run-off"
174,"Cultivated crops"
175,"Dairy - Dairy Cows"
176,"Dairy - Dairy Cows - Digestate"
177,"Dairy - Dairy Cows - Digestate Indirect Deposition"
178,"Dairy - Dairy Cows - Digestate Indirect Leach"
179,"Dairy - Dairy Cows - Direct"
180,"Dairy - Dairy Cows - Indirect Deposition"
181,"Dairy - Dairy Cows - Indirect Leach"
182,"Dairy Calves Female - Digestate Direct"
183,"Dairy Cows - Digestate Direct"
184,"Dairy Cows FAM - Direct"
185,"Dairy Cows PRP - Direct"
186,"Dairy Cows Wastes - Direct"
187,"Dairy In Calf Heifers - Digestate Direct"
188,"Dairy Replacements Female - Digestate Direct"
189,"Decorative paint - retail decorative"
190,"Decorative paint - trade decorative"
191,"Deep-mined coal"
192,"Deer"
193,"Deer - Direct"
194,"Deer - Indirect Deposition"
195,"Deer - Indirect Leach"
196,"Deer FAM - Direct"
197,"Deer PRP - Direct"
198,"Deer Wastes - Direct"
199,"Dewatering of lead concentrates"
200,"Digestate"
201,"Domestic Boiler"
202,"Domestic Closed Stove - Advanced"
203,"Domestic Closed Stove - Basic"
204,"Domestic Closed Stove - EcoDesign"
205,"Domestic Closed Stove - Upgraded"
206,"Domestic combustion"
207,"Domestic Cooking and Other"
208,"Domestic Fireplace - Standard"
209,"Domestic Horses"
210,"Domestic Horses - Direct"
211,"Domestic Horses - Indirect Deposition"
212,"Domestic Horses - Indirect Leach"
213,"Domestic Outdoor"
214,"Domestic Pellet Appliance - Basic"
215,"Domestic Pellet Appliance - EcoDesign"
216,"Domestic pets"
217,"Domestic Refrigeration: Domestic freezers"
218,"Domestic Refrigeration: Domestic refrigerators and freezers"
219,"Domestic Space Heater"
220,"Domestic Water Heater"
221,"Domestic Woodchip Appliance - Basic"
222,"Domestic Woodchip Appliance - EcoDesign"
223,"Dry cleaning"
224,"Electric arc furnaces"
225,"Electrical insulation"
226,"Electronics - HFC"
227,"Electronics - NF3"
228,"Electronics and Shoes"
229,"Enteric"
230,"Excreta"
231,"Exports"
232,"F-gas handling"
233,"FAM - direct"
234,"Fattening Pig < 20 kg - Digestate Direct"
235,"Fattening Pig > 80 kg - Digestate Direct"
236,"Fattening Pig 20 to 80 kg - Digestate Direct"
237,"Fertiliser Application"
238,"Field burning"
239,"Film coating"
240,"Firefighting"
241,"Fireworks"
242,"Fishing vessels"
243,"Flue Gas Treatment (neutralisation)"
244,"Foam blowing"
245,"Food & drink, tobacco (combustion)"
246,"Food Digestates - Direct"
247,"Food Digestates - Indirect Deposition"
248,"Food Digestates - Indirect Leach"
249,"Food Digestates - TAN"
250,"Food Digestates - Total N"
251,"Foot and mouth pyres"
252,"Forestry - Cropland converted to Forest Land - Carbon stock change"
253,"Forestry - Cropland converted to Forest Land - Direct N2O emissions from N Mineralization/Immobilization"
254,"Forestry - Direct N2O emission from N fertilisation of forest land"
255,"Forestry - Forest Land - Drainage and rewetting and other management of organic and mineral soils"
256,"Forestry - Forest Land converted to Cropland - Biomass Burning - Controlled Burning"
257,"Forestry - Forest Land converted to Cropland - Carbon stock change"
258,"Forestry - Forest Land converted to Cropland - Direct N2O emissions from N Mineralization/Immobilization"
259,"Forestry - Forest Land converted to Grassland - Biomass Burning - Controlled Burning"
260,"Forestry - Forest Land converted to Grassland - Carbon stock change"
261,"Forestry - Forest Land converted to Grassland - Direct N2O emissions from N Mineralization/Immobilization"
262,"Forestry - Forest Land converted to Other Wetlands - Biomass Burning - Controlled Burning"
263,"Forestry - Forest Land converted to Other Wetlands - Carbon stock change"
264,"Forestry - Forest Land converted to Settlements - Biomass Burning - Controlled Burning"
265,"Forestry - Forest Land converted to Settlements - Carbon stock change"
266,"Forestry - Forest Land converted to Settlements - Direct N2O emissions from N Mineralization/Immobilization"
267,"Forestry - Forest Land remaining Forest Land - Carbon stock change"
268,"Forestry - Grassland converted to Forest Land - Carbon stock change"
269,"Forestry - Grassland converted to Forest Land - Direct N2O emissions from N Mineralization/Immobilization"
270,"Forestry - HWP Produced and Consumed Domestically - Carbon stock change"
271,"Forestry - HWP Produced and Exported - Carbon stock change"
272,"Forestry - Indirect N2O - Atmospheric Deposition"
273,"Forestry - Indirect N2O - Nitrogen Leaching and Run-off"
274,"Forestry - Settlements converted to Forest Land - Carbon stock change"
275,"Forestry - Settlements converted to Forest Land - Direct N2O emissions from N Mineralization/Immobilization"
276,"Forestry Machinery"
277,"Foundries"
278,"Fragmentisers"
279,"Gas leakage"
280,"Gas production"
281,"Gas Terminal: Direct Process"
282,"Gas terminal: fuel combustion"
283,"Gas Terminal: Gas Flaring"
284,"Gas Terminal: Other Fugitives"
285,"Gas Terminal: Venting"
286,"Gasification processes"
287,"Gilt - Digestate Direct"
288,"Glass - ballotini"
289,"Glass - container"
290,"Glass - continuous filament glass fibre"
291,"Glass - domestic"
292,"Glass - flat"
293,"Glass - frits"
294,"Glass - general"
295,"Glass - glass wool"
296,"Glass - lead crystal"
297,"Glass - special"
298,"Glazed ceramics"
299,"Goats"
300,"Goats - Direct"
301,"Goats - Indirect Deposition"
302,"Goats - Indirect Leach"
303,"Goats FAM - Direct"
304,"Goats PRP - Direct"
305,"Goats Wastes - Direct"
306,"Grass"
307,"Grass - Agricultural operations"
308,"Grass - Cultivated crops"
309,"Grass - Direct"
310,"Grass - Indirect Deposition"
311,"Grass - Indirect Leach"
312,"Grass - Residue Indirect Leach"
313,"Grassland mineral soils under LUC"
314,"Grassland mineral soils under LUC - Grassland remaining Grassland - Carbon stock change"
315,"Grassland mineral soils under LUC - Grassland remaining Grassland - Direct N2O emissions from N Mineralization/Immobilization"
316,"Grassland mineral soils under LUC - Indirect N2O - Nitrogen Leaching and Run-off"
317,"Grazing"
318,"Halocarbons production - by-product"
319,"Halocarbons production - fugitive"
320,"Hand Sanitiser - Healthcare"
321,"Hand Sanitiser - Non Healthcare"
322,"Heat supply"
323,"Heather burning "
324,"Heifers for breeding - Digestate Direct"
325,"Hot rolling of steel"
326,"House and garden machinery"
327,"Housing"
328,"Incineration"
329,"Incineration - animal carcases"
330,"Incineration - chemical waste"
331,"Incineration - clinical waste"
332,"Incineration - sewage sludge"
333,"Industrial adhesives - other"
334,"Industrial adhesives - pressure sensitive tapes"
335,"Industrial coatings - agricultural and construction"
336,"Industrial coatings - aircraft"
337,"Industrial coatings - automotive"
338,"Industrial coatings - coil coating"
339,"Industrial coatings - commercial vehicles"
340,"Industrial coatings - drum"
341,"Industrial coatings - high performance"
342,"Industrial coatings - marine"
343,"Industrial coatings - metal and plastic"
344,"Industrial coatings - metal packaging"
345,"Industrial coatings - vehicle refinishing"
346,"Industrial coatings - wood"
347,"Industrial engines"
348,"Industrial off-road mobile machinery"
349,"Industrial Refrigeration: Industrial chillers, large"
350,"Industrial Refrigeration: Industrial chillers, mid-size"
351,"Industrial Refrigeration: Industrial DX systems, large, chill"
352,"Industrial Refrigeration: Industrial DX systems, large, frozen"
353,"Industrial Refrigeration: Industrial DX systems, mid-size, chill"
354,"Industrial Refrigeration: Industrial DX systems, mid-size, frozen"
355,"Industrial Refrigeration: Industrial DX systems, small, chill"
356,"Industrial Refrigeration: Industrial DX systems, small, frozen"
357,"Industrial Refrigeration: Industrial flooded systems, large, chill"
358,"Industrial Waste Water Treatment"
359,"Infant emissions from nappies"
360,"Inland goods-carrying vessels"
361,"Integrated steelworks - other processes"
362,"Integrated steelworks - stockpiles & other diffuse sources"
363,"Iron and steel - combustion plant"
364,"Iron and steel - flaring"
365,"Iron and steel - steel pickling"
366,"Ladle arc furnaces"
367,"Landfill"
368,"Laying Hens - Digestate Direct"
369,"Lead battery manufacture"
370,"Leather coating"
371,"Leather degreasing"
372,"Lime production - decarbonising"
373,"Lime production - non decarbonising"
374,"Liming"
375,"Magnesium alloying"
376,"Magnesium cover gas"
377,"Malting - all"
378,"Managed Histosols"
379,"Managed Manure"
380,"Marine engines"
381,"Mechanical Biological Treatment - Anaerobic Digestion"
382,"Mechanical Biological Treatment - Composting"
383,"Mechanical Engineering (combustion)"
384,"Metered dose inhalers"
385,"Methanol production - combustion"
386,"Mineral products (other): combustion"
387,"Miscellaneous industrial/commercial combustion"
388,"Mobile Air-Conditioning: MAC systems - buses, trains"
389,"Mobile Air-Conditioning: MAC systems - cars, vans, cabs"
390,"Motorboats / workboats (e.g. canal boats, dredgers, service boats, tourist boats, river boats)"
391,"N2O use as an anaesthetic"
392,"Natural fires"
393,"Natural sources"
394,"Nickel production"
395,"Nitric acid production"
396,"Nitrogen oxides (NOx expressed as NO2)"
397,"Non Energy Use: chemical feedstock"
398,"Non Energy Use: petroleum coke"
399,"Non-aerosol products - automotive products"
400,"Non-aerosol products - cosmetics and toiletries"
401,"Non-aerosol products - domestic adhesives"
402,"Non-aerosol products - household products"
403,"Non-aerosol products - paint thinner"
404,"Non-Ferrous Metal (combustion)"
405,"Non-ferrous metal processes"
406,"Non-residential construction"
407,"NRMM: Agriculture"
408,"NRMM: Airport"
409,"NRMM: Construction"
410,"NRMM: Forklifts"
411,"NRMM: Generators"
412,"NRMM: Mining and Quarrying"
413,"NRMM: Other Industry"
414,"NRMM: Refrigerated Transport"
415,"NRMM: Sea Ports"
416,"NRMM: Waste"
417,"Nuclear fuel production"
418,"Oil Terminal: Direct Process"
419,"Oil terminal: fuel combustion"
420,"Oil Terminal: Gas Flaring"
421,"Oil Terminal: Other Fugitives"
422,"Oil Terminal: Venting"
423,"Oil transport fugitives: pipelines (onshore)"
424,"Oil transport fugitives: road tankers"
425,"One Component Foams"
426,"Onshore natural gas gathering"
427,"Onshore natural gas production (conventional)"
428,"Onshore oil production (conventional)"
429,"Onshore oil production: gas flaring"
430,"Onshore oil well exploration (conventional)"
431,"Open-cast coal"
432,"Other cattle - Beef females for slaughter"
433,"Other cattle - Beef females for slaughter - Digestate"
434,"Other cattle - Beef females for slaughter - Digestate Indirect Deposition"
435,"Other cattle - Beef females for slaughter - Digestate Indirect Leach"
436,"Other cattle - Beef females for slaughter - Direct"
437,"Other cattle - Beef females for slaughter - Indirect Deposition"
438,"Other cattle - Beef females for slaughter - Indirect Leach"
439,"Other cattle - Bulls for breeding"
440,"Other cattle - Bulls for breeding - Digestate"
441,"Other cattle - Bulls for breeding - Digestate Indirect Deposition"
442,"Other cattle - Bulls for breeding - Digestate Indirect Leach"
443,"Other cattle - Bulls for breeding - Direct"
444,"Other cattle - Bulls for breeding - Indirect Deposition"
445,"Other cattle - Bulls for breeding - Indirect Leach"
446,"Other cattle - Cereal fed bull"
447,"Other cattle - Cereal fed bull - Digestate"
448,"Other cattle - Cereal fed bull - Digestate Indirect Deposition"
449,"Other cattle - Cereal fed bull - Digestate Indirect Leach"
450,"Other cattle - Cereal fed bull - Direct"
451,"Other cattle - Cereal fed bull - Indirect Deposition"
452,"Other cattle - Cereal fed bull - Indirect Leach"
453,"Other cattle - Cows"
454,"Other cattle - Cows - Digestate"
455,"Other cattle - Cows - Digestate Indirect Deposition"
456,"Other cattle - Cows - Digestate Indirect Leach"
457,"Other cattle - Cows - Direct"
458,"Other cattle - Cows - Indirect Deposition"
459,"Other cattle - Cows - Indirect Leach"
460,"Other cattle - Dairy Calves Female"
461,"Other cattle - Dairy Calves Female - Digestate"
462,"Other cattle - Dairy Calves Female - Digestate Indirect Deposition"
463,"Other cattle - Dairy Calves Female - Digestate Indirect Leach"
464,"Other cattle - Dairy Calves Female - Direct"
465,"Other cattle - Dairy Calves Female - Indirect Deposition"
466,"Other cattle - Dairy Calves Female - Indirect Leach"
467,"Other cattle - Dairy In Calf Heifers"
468,"Other cattle - Dairy In Calf Heifers - Digestate"
469,"Other cattle - Dairy In Calf Heifers - Digestate Indirect Deposition"
470,"Other cattle - Dairy In Calf Heifers - Digestate Indirect Leach"
471,"Other cattle - Dairy In Calf Heifers - Direct"
472,"Other cattle - Dairy In Calf Heifers - Indirect Deposition"
473,"Other cattle - Dairy In Calf Heifers - Indirect Leach"
474,"Other cattle - Dairy Replacements Female"
475,"Other cattle - Dairy Replacements Female - Digestate"
476,"Other cattle - Dairy Replacements Female - Digestate Indirect Deposition"
477,"Other cattle - Dairy Replacements Female - Digestate Indirect Leach"
478,"Other cattle - Dairy Replacements Female - Direct"
479,"Other cattle - Dairy Replacements Female - Indirect Deposition"
480,"Other cattle - Dairy Replacements Female - Indirect Leach"
481,"Other cattle - Heifers for breeding"
482,"Other cattle - Heifers for breeding - Digestate"
483,"Other cattle - Heifers for breeding - Digestate Indirect Deposition"
484,"Other cattle - Heifers for breeding - Digestate Indirect Leach"
485,"Other cattle - Heifers for breeding - Direct"
486,"Other cattle - Heifers for breeding - Indirect Deposition"
487,"Other cattle - Heifers for breeding - Indirect Leach"
488,"Other cattle - Steers"
489,"Other cattle - Steers - Digestate"
490,"Other cattle - Steers - Digestate Indirect Deposition"
491,"Other cattle - Steers - Digestate Indirect Leach"
492,"Other cattle - Steers - Direct"
493,"Other cattle - Steers - Indirect Deposition"
494,"Other cattle - Steers - Indirect Leach"
495,"Other Cattle FAM - Direct"
496,"Other Cattle PRP - Direct"
497,"Other Cattle Wastes - Direct"
498,"Other ceramics"
499,"Other emissive applications of  Sodium Bicarbonate"
500,"Other emissive applications of Soda Ash"
501,"Other food - animal feed manufacture"
502,"Other food - cakes biscuits and cereals"
503,"Other food - coffee roasting"
504,"Other food - cream consumption"
505,"Other food - margarine and other solid fats"
506,"Other food - meat fish and poultry"
507,"Other food - sugar production"
508,"Other industrial combustion"
509,"Other industry - asphalt manufacture"
510,"Other industry - part B processes"
511,"Other LULUCF"
512,"Other LULUCF - Cropland converted to Grassland - Carbon stock change"
513,"Other LULUCF - Cropland remaining Cropland - Biomass Burning - Wildfires"
514,"Other LULUCF - Cropland remaining Cropland - Carbon stock change"
515,"Other LULUCF - Grassland converted to Cropland - Carbon stock change"
516,"Other LULUCF - Grassland converted to flooded land - Carbon stock change"
517,"Other LULUCF - Grassland remaining Grassland - Biomass Burning - Wildfires"
518,"Other LULUCF - Grassland remaining Grassland - Carbon stock change"
519,"Other LULUCF - Settlements converted to Cropland - Carbon stock change"
520,"Other LULUCF - Settlements converted to Grassland - Carbon stock change"
521,"Other non-ferrous metal processes"
522,"Other organic residue Digestates - Direct"
523,"Other organic residue Digestates - Indirect Deposition"
524,"Other organic residue Digestates - Indirect Leach"
525,"Other organic residue Digestates - TAN"
526,"Other organic residue Digestates - Total N"
527,"Other rubber products"
528,"Other solvent use"
529,"OvTerr Agricultural Soils"
530,"Paper coating"
531,"Paper production"
532,"Parks, Gardens & Golf courses"
533,"Particle accelerators"
534,"PDBE use"
535,"Peatland - Cropland - Drainage and rewetting and other management of organic and mineral soils"
536,"Peatland - Cropland converted to Forest Land - Carbon stock change"
537,"Peatland - Cropland converted to Other Wetlands - Carbon stock change"
538,"Peatland - Cropland remaining Cropland - Carbon stock change"
539,"Peatland - Forest Land - Drainage and rewetting and other management of organic and mineral soils"
540,"Peatland - Forest Land converted to Cropland - Carbon stock change"
541,"Peatland - Forest Land converted to Grassland - Carbon stock change"
542,"Peatland - Forest Land converted to Other Wetlands - Carbon stock change"
543,"Peatland - Forest Land converted to Settlements - Carbon stock change"
544,"Peatland - Forest Land remaining Forest Land - Carbon stock change"
545,"Peatland - Grassland - Drainage and rewetting and other management of organic and mineral soils"
546,"Peatland - Grassland converted to Cropland - Carbon stock change"
547,"Peatland - Grassland converted to Cropland - Direct N2O emissions from N Mineralization/Immobilization"
548,"Peatland - Grassland converted to Forest Land - Carbon stock change"
549,"Peatland - Grassland converted to Settlements - Carbon stock change"
550,"Peatland - Grassland converted to Settlements - Direct N2O emissions from N Mineralization/Immobilization"
551,"Peatland - Grassland remaining Grassland - Carbon stock change"
552,"Peatland - Land converted for Peat Extraction - Carbon stock change"
553,"Peatland - Other Wetlands Remaining Other Wetlands - Carbon stock change"
554,"Peatland - Peat Extraction Remaining Peat Extraction - Carbon stock change"
555,"Peatland - Settlements - Drainage and rewetting and other management of organic and mineral soils"
556,"Peatland - Settlements converted to Forest Land - Carbon stock change"
557,"Peatland - Settlements remaining Settlements - Carbon stock change"
558,"Peatland - Wetlands - Drainage and rewetting and other management of organic and mineral soils"
559,"Peatland - Wetlands converted to Settlements - Carbon stock change"
560,"Personal watercraft e.g. jet ski"
561,"Petrol stations - petrol delivery"
562,"Petrol stations - spillages"
563,"Petrol stations - storage tanks"
564,"Petrol stations - vehicle refuelling"
565,"Petrol terminals - storage"
566,"Petrol terminals - tanker loading"
567,"Petroleum processes"
568,"Pig - Boar"
569,"Pig - Boar - Digestate"
570,"Pig - Boar - Digestate Indirect Deposition"
571,"Pig - Boar - Digestate Indirect Leach"
572,"Pig - Boar - Direct"
573,"Pig - Boar - Indirect Deposition"
574,"Pig - Boar - Indirect Leach"
575,"Pig - Fattening Pig < 20 kg"
576,"Pig - Fattening Pig < 20 kg - Digestate"
577,"Pig - Fattening Pig < 20 kg - Digestate Indirect Deposition"
578,"Pig - Fattening Pig < 20 kg - Digestate Indirect Leach"
579,"Pig - Fattening Pig < 20 kg - Direct"
580,"Pig - Fattening Pig < 20 kg - Indirect Deposition"
581,"Pig - Fattening Pig < 20 kg - Indirect Leach"
582,"Pig - Fattening Pig > 80 kg"
583,"Pig - Fattening Pig > 80 kg - Digestate"
584,"Pig - Fattening Pig > 80 kg - Digestate Indirect Deposition"
585,"Pig - Fattening Pig > 80 kg - Digestate Indirect Leach"
586,"Pig - Fattening Pig > 80 kg - Direct"
587,"Pig - Fattening Pig > 80 kg - Indirect Deposition"
588,"Pig - Fattening Pig > 80 kg - Indirect Leach"
589,"Pig - Fattening Pig 20 to 80 kg"
590,"Pig - Fattening Pig 20 to 80 kg - Digestate"
591,"Pig - Fattening Pig 20 to 80 kg - Digestate Indirect Deposition"
592,"Pig - Fattening Pig 20 to 80 kg - Digestate Indirect Leach"
593,"Pig - Fattening Pig 20 to 80 kg - Direct"
594,"Pig - Fattening Pig 20 to 80 kg - Indirect Deposition"
595,"Pig - Fattening Pig 20 to 80 kg - Indirect Leach"
596,"Pig - Gilt"
597,"Pig - Gilt - Digestate"
598,"Pig - Gilt - Digestate Indirect Deposition"
599,"Pig - Gilt - Digestate Indirect Leach"
600,"Pig - Gilt - Direct"
601,"Pig - Gilt - Indirect Deposition"
602,"Pig - Gilt - Indirect Leach"
603,"Pig - Sow"
604,"Pig - Sow - Digestate"
605,"Pig - Sow - Digestate Indirect Deposition"
606,"Pig - Sow - Digestate Indirect Leach"
607,"Pig - Sow - Direct"
608,"Pig - Sow - Indirect Deposition"
609,"Pig - Sow - Indirect Leach"
610,"Pigs FAM - Direct"
611,"Pigs PRP - Direct"
612,"Pigs Wastes - Direct"
613,"Poultry - Breeding Flock"
614,"Poultry - Breeding Flock - Digestate"
615,"Poultry - Breeding Flock - Digestate Direct"
616,"Poultry - Breeding Flock - Digestate Indirect Deposition"
617,"Poultry - Breeding Flock - Digestate Indirect Leach"
618,"Poultry - Breeding Flock - Direct"
619,"Poultry - Breeding Flock - Indirect Deposition"
620,"Poultry - Breeding Flock - Indirect Leach"
621,"Poultry - Broilers"
622,"Poultry - Broilers - Digestate"
623,"Poultry - Broilers - Digestate Indirect Deposition"
624,"Poultry - Broilers - Digestate Indirect Leach"
625,"Poultry - Broilers - Direct"
626,"Poultry - Broilers - Indirect Deposition"
627,"Poultry - Broilers - Indirect Leach"
628,"Poultry - Broilers FAM - Direct"
629,"Poultry - Broilers Wastes - Direct"
630,"Poultry - Ducks"
631,"Poultry - Ducks - Digestate"
632,"Poultry - Ducks - Digestate Direct"
633,"Poultry - Ducks - Digestate Indirect Deposition"
634,"Poultry - Ducks - Digestate Indirect Leach"
635,"Poultry - Ducks - Direct"
636,"Poultry - Ducks - Indirect Deposition"
637,"Poultry - Ducks - Indirect Leach"
638,"Poultry - Geese"
639,"Poultry - Geese - Digestate"
640,"Poultry - Geese - Digestate Direct"
641,"Poultry - Geese - Digestate Indirect Deposition"
642,"Poultry - Geese - Digestate Indirect Leach"
643,"Poultry - Geese - Direct"
644,"Poultry - Geese - Indirect Deposition"
645,"Poultry - Geese - Indirect Leach"
646,"Poultry - Growing Pullets"
647,"Poultry - Growing Pullets - Digestate"
648,"Poultry - Growing Pullets - Digestate Direct"
649,"Poultry - Growing Pullets - Digestate Indirect Deposition"
650,"Poultry - Growing Pullets - Digestate Indirect Leach"
651,"Poultry - Growing Pullets - Direct"
652,"Poultry - Growing Pullets - Indirect Deposition"
653,"Poultry - Growing Pullets - Indirect Leach"
654,"Poultry - Laying Hens"
655,"Poultry - Laying Hens - Digestate"
656,"Poultry - Laying Hens - Digestate Indirect Deposition"
657,"Poultry - Laying Hens - Digestate Indirect Leach"
658,"Poultry - Laying Hens - Direct"
659,"Poultry - Laying Hens - Indirect Deposition"
660,"Poultry - Laying Hens - Indirect Leach"
661,"Poultry - Laying Hens FAM - Direct"
662,"Poultry - Laying Hens PRP - Direct"
663,"Poultry - Laying Hens Wastes - Direct"
664,"Poultry - Other"
665,"Poultry - Other - Digestate"
666,"Poultry - Other - Digestate Direct"
667,"Poultry - Other - Digestate Indirect Deposition"
668,"Poultry - Other - Digestate Indirect Leach"
669,"Poultry - Other - Direct"
670,"Poultry - Other - Indirect Deposition"
671,"Poultry - Other - Indirect Leach"
672,"Poultry - Other FAM - Direct"
673,"Poultry - Other PRP - Direct"
674,"Poultry - Other Wastes - Direct"
675,"Poultry - Turkeys"
676,"Poultry - Turkeys - Digestate"
677,"Poultry - Turkeys - Digestate Indirect Deposition"
678,"Poultry - Turkeys - Digestate Indirect Leach"
679,"Poultry - Turkeys - Direct"
680,"Poultry - Turkeys - Indirect Deposition"
681,"Poultry - Turkeys - Indirect Leach"
682,"Poultry - Turkeys FAM - Direct"
683,"Poultry - Turkeys PRP - Direct"
684,"Poultry - Turkeys Wastes - Direct"
685,"Power stations"
686,"Power stations - FGD"
687,"Precision cleaning"
688,"Previously treated wood"
689,"Primary aluminium production - anode baking"
690,"Primary aluminium production - general"
691,"Primary aluminium production - PFC emissions"
692,"Primary aluminium production - pre-baked anode process"
693,"Primary aluminium production - vertical stud Soderberg process"
694,"Primary lead/zinc production"
695,"Printing - flexible packaging"
696,"Printing - heatset web offset"
697,"Printing - metal decorating"
698,"Printing - newspapers"
699,"Printing - other flexography"
700,"Printing - other inks"
701,"Printing - other offset"
702,"Printing - overprint varnishes"
703,"Printing - print chemicals"
704,"Printing - publication gravure"
705,"Printing - screen printing"
706,"Professional Cleaning"
707,"Professional horses"
708,"Professional Horses - Direct"
709,"Professional Horses - Indirect Deposition"
710,"Professional Horses - Indirect Leach"
711,"PRP - direct"
712,"Public sector combustion"
713,"Pulp, Paper and Print (combustion)"
714,"Quarrying"
715,"Rail - coal"
716,"Railways - freight"
717,"Railways - intercity"
718,"Railways - regional"
719,"Railways - stationary combustion"
720,"RDF manufacture"
721,"Recreational use of N2O"
722,"Refineries - combustion"
723,"Refineries - drainage"
724,"Refineries - flares"
725,"Refineries - general"
726,"Refineries - process"
727,"Refineries - road/rail loading"
728,"Refineries - tankage"
729,"Refractories - chromite based"
730,"Refractories - non chromite based"
731,"Regeneration of activated carbon"
732,"Residential Outdoor - All Appliances"
733,"Residential Outdoor - Appliance including chimineas, firepits etc"
734,"Residential Outdoor - Bonfires"
735,"Road construction"
736,"Road dressings, bitumen"
737,"Road dressings, kerosene"
738,"Road transport - all vehicles biofuels use"
739,"Road transport - all vehicles LPG use"
740,"Road transport - all vehicles LRP use"
741,"Road transport - buses and coaches - cold start"
742,"Road transport - buses and coaches - motorway driving"
743,"Road transport - buses and coaches - rural driving"
744,"Road transport - buses and coaches - urban driving"
745,"Road transport - cars - cold start"
746,"Road transport - cars - evaporative"
747,"Road transport - cars - motorway driving"
748,"Road transport - cars - rural driving"
749,"Road transport - cars - urban driving"
750,"Road Transport - cars Dioxins/PCP"
751,"Road transport - general"
752,"Road transport - HGV articulated - cold start"
753,"Road transport - HGV articulated - motorway driving"
754,"Road transport - HGV articulated - rural driving"
755,"Road transport - HGV articulated - urban driving"
756,"Road transport - HGV rigid - cold start"
757,"Road transport - HGV rigid - motorway driving"
758,"Road transport - HGV rigid - rural driving"
759,"Road transport - HGV rigid - urban driving"
760,"Road Transport - HGVs/buses Dioxins"
761,"Road transport - LGVs - cold start"
762,"Road transport - LGVs - evaporative"
763,"Road transport - LGVs - motorway driving"
764,"Road transport - LGVs - rural driving"
765,"Road transport - LGVs - urban driving"
766,"Road Transport - LGVs Dioxins"
767,"Road transport - mopeds (<50cc 2st) - evaporative"
768,"Road transport - mopeds (<50cc 2st) - urban driving"
769,"Road Transport - Mopeds & Motorcycles Dioxins"
770,"Road transport - motorcycle (>50cc  2st) - evaporative"
771,"Road transport - motorcycle (>50cc  2st) - urban driving"
772,"Road transport - motorcycle (>50cc  4st) - evaporative"
773,"Road transport - motorcycle (>50cc  4st) - motorway driving"
774,"Road transport - motorcycle (>50cc  4st) - rural driving"
775,"Road transport - motorcycle (>50cc  4st) - urban driving"
776,"Road transport - resuspension"
777,"Road transport - urea"
778,"Road vehicle engines"
779,"Sailing boats with auxiliary engines"
780,"SCCP use"
781,"Sea going vessel loading"
782,"Secondary aluminium production"
783,"Secondary copper production"
784,"Secondary lead production"
785,"Seed oil extraction"
786,"Settlement - Cropland converted to Settlements - Carbon stock change"
787,"Settlement - Cropland converted to Settlements - Direct N2O emissions from N Mineralization/Immobilization"
788,"Settlement - Forest Land converted to Settlements - Direct N2O emissions from N Mineralization/Immobilization"
789,"Settlement - Grassland converted to Settlements - Carbon stock change"
790,"Settlement - Grassland converted to Settlements - Direct N2O emissions from N Mineralization/Immobilization"
791,"Settlement - Indirect N2O - Nitrogen Leaching and Run-off"
792,"Settlement - Settlements remaining Settlements - Carbon stock change"
793,"Settlement - Settlements remaining Settlements - Direct N2O emissions from N Mineralization/Immobilization"
794,"Settlement - Wetlands converted to Settlements - Carbon stock change"
795,"Settlement - Wetlands converted to Settlements - Direct N2O emissions from N mineralization/immobilization"
796,"Sewage Sludge Application - Direct"
797,"Sewage Sludge Cake - Direct"
798,"Sewage Sludge Cake - Indirect Deposition"
799,"Sewage Sludge Cake - Indirect Leach"
800,"Sewage Sludge Cake - TAN"
801,"Sewage Sludge Cake - Total N"
802,"Sewage sludge decomposition"
803,"Sewage sludge decomposition in private systems"
804,"Sewage Sludge Liquid - Direct"
805,"Sewage Sludge Liquid - Indirect Deposition"
806,"Sewage Sludge Liquid - Indirect Leach"
807,"Sewage Sludge Liquid - TAN"
808,"Sewage Sludge Liquid - Total N"
809,"Sheep - Ewe"
810,"Sheep - Ewe - Direct"
811,"Sheep - Ewe - Indirect Deposition"
812,"Sheep - Ewe - Indirect Leach"
813,"Sheep - Lamb"
814,"Sheep - Lamb - Direct"
815,"Sheep - Lamb - Indirect Deposition"
816,"Sheep - Lamb - Indirect Leach"
817,"Sheep - Ram"
818,"Sheep - Ram - Direct"
819,"Sheep - Ram - Indirect Deposition"
820,"Sheep - Ram - Indirect Leach"
821,"Sheep FAM - Direct"
822,"Sheep PRP - Direct"
823,"Sheep Wastes - Direct"
824,"Ship purging"
825,"Shipping - coastal"
826,"Shipping - international IPCC definition"
827,"Shipping - naval"
828,"Shipping between UK and Bermuda"
829,"Shipping between UK and CDs"
830,"Shipping between UK and Gibraltar"
831,"Shipping between UK and OTs (excl. Gib and Bermuda)"
832,"Silage - Housing"
833,"Silage - Storage"
834,"Sinter production"
835,"Slag clement production"
836,"Small-scale waste burning"
837,"Solid smokeless fuel production"
838,"Solvent and oil recovery"
839,"Sow - Digestate Direct"
840,"Spirit manufacture - casking"
841,"Spirit manufacture - distillation"
842,"Spirit manufacture - fermentation"
843,"Spirit manufacture - other maturation"
844,"Spirit manufacture - Scotch whisky maturation"
845,"Spirit manufacture - spent grain drying"
846,"Spread Digestate"
847,"Spread Manure"
848,"Stationary Air-Conditioning: AC chillers, large"
849,"Stationary Air-Conditioning: AC chillers, mid-size"
850,"Stationary Air-Conditioning: AC chillers, small"
851,"Stationary Air-Conditioning: AC integral systems (e.g. window units)"
852,"Stationary Air-Conditioning: AC roof-top units, large"
853,"Stationary Air-Conditioning: AC roof-top units, small"
854,"Stationary Air-Conditioning: AC split systems, large"
855,"Stationary Air-Conditioning: AC split systems, mid-size"
856,"Stationary Air-Conditioning: AC split systems, small"
857,"Stationary Air-Conditioning: AC VRF systems, small"
858,"Stationary Air-Conditioning: Heat pumps, large"
859,"Stationary Air-Conditioning: Heat pumps, mid-size"
860,"Stationary Air-Conditioning: Heat pumps, small"
861,"Stationary Air-Conditioning: Heat pumps, very small (domestic)"
862,"Steers - Digestate Direct"
863,"Storage"
864,"Sugar beet processing"
865,"Sulphuric acid production"
866,"Surface cleaning - 111-trichloroethane"
867,"Surface cleaning - dichloromethane"
868,"Surface cleaning - hydrocarbons"
869,"Surface cleaning - oxygenated solvents"
870,"Surface cleaning - tetrachloroethylene"
871,"Surface cleaning - trichloroethylene"
872,"Textile coating"
873,"Tin production"
874,"Total composting (non-household)"
875,"Town gas manufacture"
876,"Tracer gas"
877,"Transformers"
878,"Transport and distribution of refrigerants"
879,"Transport Refrigeration: Systems for large trucks, iso-containers"
880,"Transport Refrigeration: Systems for marine vessels"
881,"Transport Refrigeration: Systems for vans, light trucks"
882,"Turkeys - Digestate Direct"
883,"Tyre manufacture"
884,"Unglazed ceramics"
885,"Unknown applications of Sodium Bicarbonate"
886,"Upstream Gas Production - flaring"
887,"Upstream Gas Production - fuel combustion"
888,"Upstream Gas Production - fugitive emissions"
889,"Upstream Gas Production - Gas terminal storage"
890,"Upstream Gas Production - Offshore Well Testing"
891,"Upstream Gas Production - venting"
892,"Upstream Gas Production: direct process emissions"
893,"Upstream oil and gas production - combustion at gas separation plant"
894,"Upstream Oil Production - flaring"
895,"Upstream Oil Production - fuel combustion"
896,"Upstream Oil Production - fugitive emissions"
897,"Upstream Oil Production - Offshore Oil Loading"
898,"Upstream Oil Production - Offshore Well Testing"
899,"Upstream Oil Production - Oil terminal storage"
900,"Upstream Oil Production - Onshore Oil Loading"
901,"Upstream Oil Production - venting"
902,"Upstream Oil Production: direct process emissions"
903,"Vehicle manufacture (combustion)"
904,"Waste disposal - batteries"
905,"Waste disposal - electrical equipment"
906,"Waste disposal - lighting fluorescent tubes"
907,"Waste disposal - measurement and control equipment"
908,"Wastes"
909,"Wastes - Direct"
910,"Well exploration (unconventional gas): all sources"
911,"Wild birds wastes"
912,"Wild other animal wastes"
913,"Wine manufacture"
914,"Wood impregnation - creosote"
915,"Wood impregnation - general"
916,"Wood impregnation - LOSP"
917,"Wood products manufacture"
918,"Yarding"
919,"Zinc alloy and semis production"
920,"Zinc oxide production"
